sl_no,user_id,city,"product_1
mysore_pak
(Kg)","product_2
soan_ papdi
(Kg)","product_3
motichoor
(Kg)","product_4
kaju_barfi
(Kg)"," amont_1
mysore_pak "," amount_2
sona_padi ","amount_3
motichoor ","amount_4
kaju_barfi",total_amount
1,10001,BENGALURU,0.1,1.5,0,0,70,1125,0,0,1195
2,10002,BENGALURU,1.5,0,1.5,2.5,1050,0,1200,3000,5250
3,10003,BENGALURU,0,0,0.2,0,0,0,160,0,160
4,10004,BENGALURU,2,0,0.2,0,1400,0,160,0,1560
5,10005,BENGALURU,0,0.5,1,0,0,375,800,0,1175
6,10006,BENGALURU,1,1,1,1,700,750,800,1200,3450
7,10007,BENGALURU,0.5,0,0,0.2,350,0,0,240,590
8,10008,BENGALURU,2.5,0,0,0.5,1750,0,0,600,2350
9,10009,BENGALURU,0,0.5,0,0,0,375,0,0,375
10,10010,BENGALURU,0.2,0.5,1,0,140,375,800,0,1315
11,10011,BENGALURU,0.2,0.2,0.2,0.2,140,150,160,240,690
12,10012,BENGALURU,0.25,0,0.5,0,175,0,400,0,575
13,10013,BENGALURU,0.5,1,0,0,350,750,0,0,1100
14,10014,BENGALURU,1,2,0,1,700,1500,0,1200,3400
15,10015,BENGALURU,2,1,0,0,1400,750,0,0,2150
16,10016,BENGALURU,3,3,0,0,2100,2250,0,0,4350
17,10017,BENGALURU,2,1,1,2,1400,750,800,2400,5350
18,10018,BENGALURU,1,0.5,1,0,700,375,800,0,1875
19,10019,BENGALURU,0,0,1,0,0,0,800,0,800
20,10020,BENGALURU,0,0.2,0,0,0,150,0,0,150
21,10021,BENGALURU,0.2,0.2,0.2,0.2,140,150,160,240,690
22,10022,BENGALURU,0.5,0.5,0.5,0.5,350,375,400,600,1725
23,10023,BENGALURU,0,1,1,0,0,750,800,0,1550
24,10024,BENGALURU,5,0,5,0,3500,0,4000,0,7500
25,10025,BENGALURU,10,0,0,0,7000,0,0,0,7000
26,10026,BENGALURU,0,0.5,0,0,0,375,0,0,375
27,10027,BENGALURU,1,0,0,0.2,700,0,0,240,940
28,10028,BENGALURU,0.5,0,1,0,350,0,800,0,1150
29,10029,BENGALURU,0,1,1.5,2,0,750,1200,2400,4350
30,10030,BENGALURU,5,0,0,0,3500,0,0,0,3500
31,10031,BENGALURU,0,2,3,0,0,1500,2400,0,3900
32,10032,BENGALURU,1,4,0,0,700,3000,0,0,3700
33,10033,BENGALURU,0,1,0,1,0,750,0,1200,1950
34,10034,BENGALURU,0,2,0,2,0,1500,0,2400,3900
35,10035,BENGALURU,5,5,5,5,3500,3750,4000,6000,17250
36,10036,BENGALURU,0,0,0,6,0,0,0,7200,7200
37,10037,BENGALURU,1,0.2,1,2,700,150,800,2400,4050
38,10038,BENGALURU,1,0,0,0,700,0,0,0,700
39,10039,BENGALURU,0,1,1,0,0,750,800,0,1550
40,10040,BENGALURU,2,2,0,0,1400,1500,0,0,2900
41,10041,BENGALURU,12,0,0,0,8400,0,0,0,8400
42,10042,BENGALURU,5,5,0,0,3500,3750,0,0,7250
43,10043,BENGALURU,1,1,1,0,700,750,800,0,2250
44,10044,BENGALURU,1,0.2,0,0,700,150,0,0,850
45,10045,BENGALURU,0,0.5,0,0,0,375,0,0,375
46,10046,BENGALURU,0,0.5,0,1,0,375,0,1200,1575
47,10047,BENGALURU,1,0.2,0.5,0,700,150,400,0,1250
48,10048,BENGALURU,1,1,1,1,700,750,800,1200,3450
49,10049,BENGALURU,1,0.5,1,1,700,375,800,1200,3075
50,10050,BENGALURU,1,1,1.5,1,700,750,1200,1200,3850
51,10051,BENGALURU,0,1.5,2,0,0,1125,1600,0,2725
52,10052,BENGALURU,0,0.5,1,1,0,375,800,1200,2375
53,10053,BENGALURU,1,1,1,1,700,750,800,1200,3450
54,10054,BENGALURU,1.5,2,0,0,1050,1500,0,0,2550
55,10055,BENGALURU,4,0,0,4,2800,0,0,4800,7600
56,10056,BENGALURU,5,0,0,5,3500,0,0,6000,9500
57,10057,BENGALURU,0.2,0,0,0,140,0,0,0,140
58,10058,BENGALURU,5,1.5,0,2,3500,1125,0,2400,7025
59,10059,BENGALURU,6,0,0,0,4200,0,0,0,4200
60,10060,BENGALURU,7,0,0,0,4900,0,0,0,4900
61,10061,BENGALURU,8,0,0,0,5600,0,0,0,5600
62,10062,BENGALURU,0,5,0,0,0,3750,0,0,3750
63,10063,BENGALURU,0,0.2,0,0,0,150,0,0,150
64,10064,BENGALURU,0,1,1,0,0,750,800,0,1550
65,10065,BENGALURU,1,1.5,0,0,700,1125,0,0,1825
66,10066,BENGALURU,0,0.2,0.5,0,0,150,400,0,550
67,10067,BENGALURU,0,1,1.5,0,0,750,1200,0,1950
68,10068,BENGALURU,0,2,2.5,0,0,1500,2000,0,3500
69,10069,BENGALURU,1,0,0,0,700,0,0,0,700
70,10070,BENGALURU,2,0,0,0,1400,0,0,0,1400
71,10071,BENGALURU,0,1,0,0,0,750,0,0,750
72,10072,BENGALURU,0,0,1,0,0,0,800,0,800
73,10073,BENGALURU,0,0,0,1.5,0,0,0,1800,1800
74,10074,BENGALURU,0,1.5,0.2,0.5,0,1125,160,600,1885
75,10075,BENGALURU,0,0,0,1,0,0,0,1200,1200
76,10076,BENGALURU,0,0,0,2,0,0,0,2400,2400
77,10077,BENGALURU,0,0,2,0,0,0,1600,0,1600
78,10078,BENGALURU,0,0,0,5,0,0,0,6000,6000
79,10079,BENGALURU,0.2,0.5,0,0,140,375,0,0,515
80,10080,BENGALURU,0.5,0.5,0.5,0.5,350,375,400,600,1725
81,10081,BENGALURU,1,10,0,0,700,7500,0,0,8200
82,10082,BENGALURU,0,0.5,0.5,0.5,0,375,400,600,1375
83,10083,BENGALURU,0.5,0.2,0,1,350,150,0,1200,1700
84,10084,BENGALURU,1,1.5,0,0,700,1125,0,0,1825
85,10085,BENGALURU,0,0,0,5,0,0,0,6000,6000
86,10086,BENGALURU,1,1.5,0,0,700,1125,0,0,1825
87,10087,BENGALURU,2.5,0,1.5,0,1750,0,1200,0,2950
88,10088,BENGALURU,0,0,2,0,0,0,1600,0,1600
89,10089,BENGALURU,1,1.5,0,0.5,700,1125,0,600,2425
90,10090,BENGALURU,1.5,2,0,0,1050,1500,0,0,2550
91,10091,BENGALURU,0.5,1,0,0,350,750,0,0,1100
92,10092,BENGALURU,0,0,0,2.5,0,0,0,3000,3000
93,10093,BENGALURU,0,0.5,0,0,0,375,0,0,375
94,10094,BENGALURU,1.5,0,0,0,1050,0,0,0,1050
95,10095,BENGALURU,2.5,0,0,0,1750,0,0,0,1750
96,10096,BENGALURU,1.5,2.5,0,0,1050,1875,0,0,2925
97,10097,BENGALURU,0,0,0,1.5,0,0,0,1800,1800
98,10098,BENGALURU,1.5,0,0,0,1050,0,0,0,1050
99,10099,BENGALURU,0,1,0,0,0,750,0,0,750
100,10100,BENGALURU,1,1.5,0,0,700,1125,0,0,1825
101,10101,BENGALURU,2,0,0,2,1400,0,0,2400,3800
102,10102,BENGALURU,0,1,0,1,0,750,0,1200,1950
103,10103,BENGALURU,1,2,0,1.5,700,1500,0,1800,4000
104,10104,BENGALURU,0,2,0,2.5,0,1500,0,3000,4500
105,10105,BENGALURU,1,0,0.2,0,700,0,160,0,860
106,10106,BENGALURU,0,0,0.5,0,0,0,400,0,400
107,10107,BENGALURU,0.2,0,0,0,140,0,0,0,140
108,10108,BENGALURU,0,0,0.2,0,0,0,160,0,160
109,10109,BENGALURU,0,0,0,0.5,0,0,0,600,600
110,10110,BENGALURU,0.5,1,2,0,350,750,1600,0,2700
111,10111,BENGALURU,0,0,0.2,0,0,0,160,0,160
112,10112,BENGALURU,0,0,0,1,0,0,0,1200,1200
113,10113,BENGALURU,0.2,5,0,0,140,3750,0,0,3890
114,10114,BENGALURU,1,0,0,0,700,0,0,0,700
115,10115,BENGALURU,0.5,0,0,0,350,0,0,0,350
116,10116,BENGALURU,1,1,1,1,700,750,800,1200,3450
117,10117,BENGALURU,2,3,1,0,1400,2250,800,0,4450
118,10118,BENGALURU,1,2,0,3,700,1500,0,3600,5800
119,10119,BENGALURU,2,0,5,1,1400,0,4000,1200,6600
120,10120,BENGALURU,4,0,0,1,2800,0,0,1200,4000
121,10121,BENGALURU,2,0,0,0.5,1400,0,0,600,2000
122,10122,BENGALURU,0,0,2,0,0,0,1600,0,1600
123,10123,BENGALURU,0.5,0,0,0,350,0,0,0,350
124,10124,BENGALURU,0.2,0,0,5,140,0,0,6000,6140
125,10125,BENGALURU,0,0,1.5,0,0,0,1200,0,1200
126,10126,BENGALURU,0.2,0.5,0,1,140,375,0,1200,1715
127,10127,BENGALURU,0,1,2,3,0,750,1600,3600,5950
128,10128,BENGALURU,1,2,0,3,700,1500,0,3600,5800
129,10129,BENGALURU,0,2,0,0.5,0,1500,0,600,2100
130,10130,BENGALURU,1,2,0,5,700,1500,0,6000,8200
131,10131,BENGALURU,2,3.5,4,0,1400,2625,3200,0,7225
132,10132,BENGALURU,0,2,2.5,0,0,1500,2000,0,3500
133,10133,BENGALURU,1,0.2,0.5,0,700,150,400,0,1250
134,10134,BENGALURU,0,0,0,1.5,0,0,0,1800,1800
135,10135,BENGALURU,1,0,0,1.5,700,0,0,1800,2500
136,10136,BENGALURU,0,0,1,2.5,0,0,800,3000,3800
137,10137,BENGALURU,1,1.5,0,1.5,700,1125,0,1800,3625
138,10138,BENGALURU,1.5,0,0,2.5,1050,0,0,3000,4050
139,10139,BENGALURU,2.5,0,0,2.5,1750,0,0,3000,4750
140,10140,BENGALURU,3.5,0,0,0.5,2450,0,0,600,3050
141,10141,BENGALURU,1,2,0,0.2,700,1500,0,240,2440
142,10142,BENGALURU,0,0.5,2,0.5,0,375,1600,600,2575
143,10143,BENGALURU,1,1.5,0.5,0.2,700,1125,400,240,2465
144,10144,BENGALURU,1.5,2,3,3.5,1050,1500,2400,4200,9150
145,10145,BENGALURU,2,3.5,0,4.5,1400,2625,0,5400,9425
146,10146,BENGALURU,0,0,2,0,0,0,1600,0,1600
147,10147,BENGALURU,1,1,1,1,700,750,800,1200,3450
148,10148,BENGALURU,0,0,0,1,0,0,0,1200,1200
149,10149,BENGALURU,1.5,1.5,0,0,1050,1125,0,0,2175
150,10150,BENGALURU,0,1,0,2.5,0,750,0,3000,3750
151,10151,BENGALURU,0,0,0,3.5,0,0,0,4200,4200
152,10152,BENGALURU,1,1,1,1,700,750,800,1200,3450
153,10153,BENGALURU,0,0,0,2.5,0,0,0,3000,3000
154,10154,BENGALURU,1,1.5,1,1,700,1125,800,1200,3825
155,10155,BENGALURU,0,0,2.5,0,0,0,2000,0,2000
156,10156,BENGALURU,1,1.5,2,0,700,1125,1600,0,3425
157,10157,BENGALURU,1.5,0,0,0.5,1050,0,0,600,1650
158,10158,BENGALURU,0.2,0.5,0,1,140,375,0,1200,1715
159,10159,BENGALURU,0,0,0,1.5,0,0,0,1800,1800
160,10160,BENGALURU,1,0,0,0,700,0,0,0,700
161,10161,BENGALURU,0.5,0.2,0,0,350,150,0,0,500
162,10162,BENGALURU,0,0,0.5,1.5,0,0,400,1800,2200
163,10163,BENGALURU,1,0.5,1.5,0.2,700,375,1200,240,2515
164,10164,BENGALURU,0,0,1.5,0,0,0,1200,0,1200
165,10165,BENGALURU,1,1.5,0,2,700,1125,0,2400,4225
166,10166,BENGALURU,0,0,0.5,0,0,0,400,0,400
167,10167,BENGALURU,1,1.5,0,0.2,700,1125,0,240,2065
168,10168,BENGALURU,1,1.5,2,2.5,700,1125,1600,3000,6425
169,10169,BENGALURU,0,1.5,0,2.5,0,1125,0,3000,4125
170,10170,BENGALURU,1.5,0,2.5,0,1050,0,2000,0,3050
171,10171,BENGALURU,0,0.2,0,0.5,0,150,0,600,750
172,10172,BENGALURU,1,1.5,0,0.2,700,1125,0,240,2065
173,10173,BENGALURU,1,1.5,0,0,700,1125,0,0,1825
174,10174,BENGALURU,0,2.5,10,0,0,1875,8000,0,9875
175,10175,BENGALURU,1.5,0,0,2.5,1050,0,0,3000,4050
176,10176,BENGALURU,0,1,0,1.5,0,750,0,1800,2550
177,10177,BENGALURU,0,1.5,0,0.2,0,1125,0,240,1365
178,10178,BENGALURU,0,1,1.5,0,0,750,1200,0,1950
179,10179,BENGALURU,10,0,0,0,7000,0,0,0,7000
180,10180,BENGALURU,0,10,0,0,0,7500,0,0,7500
181,10181,BENGALURU,0,0,10,0,0,0,8000,0,8000
182,10182,BENGALURU,0,0,0,10,0,0,0,12000,12000
183,10183,BENGALURU,1.5,0.2,0.5,0.5,1050,150,400,600,2200
184,10184,BENGALURU,0,0,0.5,10,0,0,400,12000,12400
185,10185,BENGALURU,20,0,0,0,14000,0,0,0,14000
186,10186,BENGALURU,0,0.5,1.5,2.5,0,375,1200,3000,4575
187,10187,BENGALURU,1.5,0,0,0,1050,0,0,0,1050
188,10188,BENGALURU,0,0.5,0.2,0,0,375,160,0,535
189,10189,BENGALURU,1,1.5,0,0,700,1125,0,0,1825
190,10190,BENGALURU,0,0.2,0.5,1,0,150,400,1200,1750
191,10191,BENGALURU,0,0.5,0.2,1,0,375,160,1200,1735
192,10192,BENGALURU,0.5,0.2,0.5,0,350,150,400,0,900
193,10193,BENGALURU,1,0.5,0.2,0,700,375,160,0,1235
194,10194,BENGALURU,1,0,0,0,700,0,0,0,700
195,10195,BENGALURU,0.5,0,0,1.5,350,0,0,1800,2150
196,10196,BENGALURU,2.5,0,0,12,1750,0,0,14400,16150
197,10197,BENGALURU,0,0,1,0,0,0,800,0,800
198,10198,BENGALURU,0.5,1,1,2,350,750,800,2400,4300
199,10199,BENGALURU,1,1,1,3,700,750,800,3600,5850
200,10200,BENGALURU,5,5,5,5,3500,3750,4000,6000,17250
201,10201,BENGALURU,2,2,1.5,0,1400,1500,1200,0,4100
202,10202,BENGALURU,0.5,2,1,1.5,350,1500,800,1800,4450
203,10203,BENGALURU,0,1.5,0,2.5,0,1125,0,3000,4125
204,10204,BENGALURU,1,1.5,2,0,700,1125,1600,0,3425
205,10205,BENGALURU,0,1.5,0,1.5,0,1125,0,1800,2925
206,10206,BENGALURU,0,0,1.5,0,0,0,1200,0,1200
207,10207,BENGALURU,0,0,0,1,0,0,0,1200,1200
208,10208,BENGALURU,1.5,2,0,0,1050,1500,0,0,2550
209,10209,BENGALURU,0,1,1.5,0,0,750,1200,0,1950
210,10210,BENGALURU,0,1.5,0,2,0,1125,0,2400,3525
211,10211,BENGALURU,1,0,0,0,700,0,0,0,700
212,10212,BENGALURU,1.5,2,0,2,1050,1500,0,2400,4950
213,10213,BENGALURU,0,5,0,0,0,3750,0,0,3750
214,10214,BENGALURU,1,0,0,2.5,700,0,0,3000,3700
215,10215,BENGALURU,1.5,0,2.5,2,1050,0,2000,2400,5450
216,10216,BENGALURU,0,0,0.2,0.5,0,0,160,600,760
217,10217,BENGALURU,1.5,0,2.5,0,1050,0,2000,0,3050
218,10218,BENGALURU,0,0,0,4,0,0,0,4800,4800
219,10219,BENGALURU,5,0,0,5,3500,0,0,6000,9500
220,10220,BENGALURU,0,0,0,2.5,0,0,0,3000,3000
221,10221,BENGALURU,1.5,0,2,0,1050,0,1600,0,2650
222,10222,BENGALURU,0,0.2,0.5,0,0,150,400,0,550
223,10223,BENGALURU,1,1.5,0,0.5,700,1125,0,600,2425
224,10224,BENGALURU,0,1,0.5,0,0,750,400,0,1150
225,10225,BENGALURU,0,0.2,0.5,0,0,150,400,0,550
226,10226,BENGALURU,0.2,1.5,0.5,1,140,1125,400,1200,2865
227,10227,BENGALURU,0,0,1.5,0,0,0,1200,0,1200
228,10228,BENGALURU,1,0,0,0.5,700,0,0,600,1300
229,10229,BENGALURU,1.5,0,0,0,1050,0,0,0,1050
230,10230,BENGALURU,0,2,0,2,0,1500,0,2400,3900
231,10231,BENGALURU,1,1.5,2,2.5,700,1125,1600,3000,6425
232,10232,BENGALURU,0,0.5,1,1.5,0,375,800,1800,2975
233,10233,BENGALURU,1.5,2,2.5,3,1050,1500,2000,3600,8150
234,10234,BENGALURU,2,0,0,0,1400,0,0,0,1400
235,10235,BENGALURU,0,0,2,0,0,0,1600,0,1600
236,10236,BENGALURU,0,2,0,0,0,1500,0,0,1500
237,10237,BENGALURU,1,1,1.5,2,700,750,1200,2400,5050
238,10238,BENGALURU,0,0,0,0.5,0,0,0,600,600
239,10239,BENGALURU,0.2,1,0,0.5,140,750,0,600,1490
240,10240,BENGALURU,1,1.5,0,3,700,1125,0,3600,5425
241,10241,BENGALURU,4,0,0,0,2800,0,0,0,2800
242,10242,BENGALURU,0,4,0,0,0,3000,0,0,3000
243,10243,BENGALURU,0,0,4,0,0,0,3200,0,3200
244,10244,BENGALURU,0,0,0,4,0,0,0,4800,4800
245,10245,BENGALURU,0.5,0.2,1,0,350,150,800,0,1300
246,10246,BENGALURU,1,2,3,0,700,1500,2400,0,4600
247,10247,BENGALURU,1.5,0,2,0,1050,0,1600,0,2650
248,10248,BENGALURU,0,1,2,3,0,750,1600,3600,5950
249,10249,BENGALURU,3,2,1,0,2100,1500,800,0,4400
250,10250,BENGALURU,5,4,0,0,3500,3000,0,0,6500
251,20001,MYSURU,1,1.5,0,0,700,1125,0,0,1825
252,20002,MYSURU,1,1,1,1,700,750,800,1200,3450
253,20003,MYSURU,0,0.2,0.5,0,0,150,400,0,550
254,20004,MYSURU,1,1.5,0,0.2,700,1125,0,240,2065
255,20005,MYSURU,0,2.5,0,0,0,1875,0,0,1875
256,20006,MYSURU,0,2,0,0.2,0,1500,0,240,1740
257,20007,MYSURU,1,1.5,2.5,0,700,1125,2000,0,3825
258,20008,MYSURU,0,0,0,2.5,0,0,0,3000,3000
259,20009,MYSURU,1,0,0,0,700,0,0,0,700
260,20010,MYSURU,0.2,0,0.5,0,140,0,400,0,540
261,20011,MYSURU,0,0,0.5,1,0,0,400,1200,1600
262,20012,MYSURU,1,0,0,1,700,0,0,1200,1900
263,20013,MYSURU,1,0,1,0,700,0,800,0,1500
264,20014,MYSURU,0,0.2,0,0.5,0,150,0,600,750
265,20015,MYSURU,1,0,2.5,0,700,0,2000,0,2700
266,20016,MYSURU,0,0,0,1,0,0,0,1200,1200
267,20017,MYSURU,0.2,0.5,1,1,140,375,800,1200,2515
268,20018,MYSURU,1.5,0,0,2.5,1050,0,0,3000,4050
269,20019,MYSURU,0,0,0,2.5,0,0,0,3000,3000
270,20020,MYSURU,1,1,1,1,700,750,800,1200,3450
271,20021,MYSURU,1,1.5,2.5,0,700,1125,2000,0,3825
272,20022,MYSURU,0,0.2,0.5,1,0,150,400,1200,1750
273,20023,MYSURU,1.5,2,2,2.5,1050,1500,1600,3000,7150
274,20024,MYSURU,0,0.2,0.5,1,0,150,400,1200,1750
275,20025,MYSURU,1,1.5,0,0,700,1125,0,0,1825
276,20026,MYSURU,2,2.5,1,1.5,1400,1875,800,1800,5875
277,20027,MYSURU,0,0,0,0.2,0,0,0,240,240
278,20028,MYSURU,1,1.5,0,2.5,700,1125,0,3000,4825
279,20029,MYSURU,0,0.2,0.5,1,0,150,400,1200,1750
280,20030,MYSURU,1,1.5,0.2,0,700,1125,160,0,1985
281,20031,MYSURU,0,0.5,0.2,1,0,375,160,1200,1735
282,20032,MYSURU,1,1.5,0.2,0.5,700,1125,160,600,2585
283,20033,MYSURU,0,0.2,1,0.5,0,150,800,600,1550
284,20034,MYSURU,1,1.5,0,2.5,700,1125,0,3000,4825
285,20035,MYSURU,1,1.5,2.5,0,700,1125,2000,0,3825
286,20036,MYSURU,0,0.5,1.5,2.5,0,375,1200,3000,4575
287,20037,MYSURU,0,0,0,1,0,0,0,1200,1200
288,20038,MYSURU,3,0,0,0,2100,0,0,0,2100
289,20039,MYSURU,0,3,0,0,0,2250,0,0,2250
290,20040,MYSURU,0,0,3,0,0,0,2400,0,2400
291,20041,MYSURU,0,0,0,3,0,0,0,3600,3600
292,20042,MYSURU,4,2,3,1,2800,1500,2400,1200,7900
293,20043,MYSURU,1,4,3,2,700,3000,2400,2400,8500
294,20044,MYSURU,0,0,0,0.2,0,0,0,240,240
295,20045,MYSURU,1,0,0,0.5,700,0,0,600,1300
296,20046,MYSURU,2.5,0,0,0.5,1750,0,0,600,2350
297,20047,MYSURU,0,0.2,0.5,1,0,150,400,1200,1750
298,20048,MYSURU,1,0.5,0,0,700,375,0,0,1075
299,20049,MYSURU,0,0.5,0,1,0,375,0,1200,1575
300,20050,MYSURU,0,1.5,0,0.2,0,1125,0,240,1365
301,20051,MYSURU,0.5,0,0,1,350,0,0,1200,1550
302,20052,MYSURU,0,0,5,0,0,0,4000,0,4000
303,20053,MYSURU,0,8,0,0,0,6000,0,0,6000
304,20054,MYSURU,7,0,1,0,4900,0,800,0,5700
305,20055,MYSURU,1,0,6,0,700,0,4800,0,5500
306,20056,MYSURU,0,8,0,0,0,6000,0,0,6000
307,20057,MYSURU,0,0,2,0,0,0,1600,0,1600
308,20058,MYSURU,0.2,0,0.2,0,140,0,160,0,300
309,20059,MYSURU,0.5,0.5,1,0,350,375,800,0,1525
310,20060,MYSURU,0,0.5,1,0,0,375,800,0,1175
311,20061,MYSURU,0.2,0,1.5,2,140,0,1200,2400,3740
312,20062,MYSURU,0.5,0,0,0,350,0,0,0,350
313,20063,MYSURU,1,0,0,2,700,0,0,2400,3100
314,20064,MYSURU,0,0,0,7,0,0,0,8400,8400
315,20065,MYSURU,1,0,1.5,2,700,0,1200,2400,4300
316,20066,MYSURU,0,0.2,0,1,0,150,0,1200,1350
317,20067,MYSURU,1,1,2,2.5,700,750,1600,3000,6050
318,20068,MYSURU,0,0,0.5,0,0,0,400,0,400
319,20069,MYSURU,1,0,0.2,0,700,0,160,0,860
320,20070,MYSURU,0,0.5,0,1,0,375,0,1200,1575
321,20071,MYSURU,1.5,0,0.2,1,1050,0,160,1200,2410
322,20072,MYSURU,0,0.2,0.5,1,0,150,400,1200,1750
323,20073,MYSURU,1,1,2,0,700,750,1600,0,3050
324,20074,MYSURU,1.5,2,0.5,0,1050,1500,400,0,2950
325,20075,MYSURU,0,0,0,1.5,0,0,0,1800,1800
326,20076,MYSURU,2,2.5,1,1.5,1400,1875,800,1800,5875
327,20077,MYSURU,2,2.5,1,0,1400,1875,800,0,4075
328,20078,MYSURU,0,0.5,0.2,1,0,375,160,1200,1735
329,20079,MYSURU,1,1.5,2,2.5,700,1125,1600,3000,6425
330,20080,MYSURU,0,1,2.5,4,0,750,2000,4800,7550
331,20081,MYSURU,4,0,2,0.2,2800,0,1600,240,4640
332,20082,MYSURU,0,0,0.2,0.5,0,0,160,600,760
333,20083,MYSURU,5,0,0,4,3500,0,0,4800,8300
334,20084,MYSURU,1,1.5,2,2.5,700,1125,1600,3000,6425
335,20085,MYSURU,0.5,1,1,2,350,750,800,2400,4300
336,20086,MYSURU,1,1.5,2,2.5,700,1125,1600,3000,6425
337,20087,MYSURU,4,0,0,0,2800,0,0,0,2800
338,20088,MYSURU,0,8,0,0,0,6000,0,0,6000
339,20089,MYSURU,7,0,0,1,4900,0,0,1200,6100
340,20090,MYSURU,2,0,0,1,1400,0,0,1200,2600
341,20091,MYSURU,1,0,2,0,700,0,1600,0,2300
342,20092,MYSURU,7,7,7,7,4900,5250,5600,8400,24150
343,20093,MYSURU,2.5,2,2,0,1750,1500,1600,0,4850
344,20094,MYSURU,0,0,2.5,0,0,0,2000,0,2000
345,20095,MYSURU,1,0,1,0,700,0,800,0,1500
346,20096,MYSURU,0,1,1,0,0,750,800,0,1550
347,20097,MYSURU,1,1,0,0,700,750,0,0,1450
348,20098,MYSURU,1,0,0,1,700,0,0,1200,1900
349,20099,MYSURU,2,0,0,2.5,1400,0,0,3000,4400
350,20100,MYSURU,5,0,0,5,3500,0,0,6000,9500
351,20101,MYSURU,6,2,3,0,4200,1500,2400,0,8100
352,20102,MYSURU,0,0,0.2,0,0,0,160,0,160
353,20103,MYSURU,1,0,1,0,700,0,800,0,1500
354,20104,MYSURU,0.2,0,0.5,0,140,0,400,0,540
355,20105,MYSURU,1,0.2,1,0,700,150,800,0,1650
356,20106,MYSURU,0.5,1,0,1.5,350,750,0,1800,2900
357,20107,MYSURU,0,0.2,0,0,0,150,0,0,150
358,20108,MYSURU,1,1,1,1.5,700,750,800,1800,4050
359,20109,MYSURU,0,0.2,0.5,1,0,150,400,1200,1750
360,20110,MYSURU,1,1,1,1,700,750,800,1200,3450
361,20111,MYSURU,2,2,2,2,1400,1500,1600,2400,6900
362,20112,MYSURU,3,3,3,3,2100,2250,2400,3600,10350
363,20113,MYSURU,4,0,0,0,2800,0,0,0,2800
364,20114,MYSURU,2,0,0,0,1400,0,0,0,1400
365,20115,MYSURU,0,2,0,0,0,1500,0,0,1500
366,20116,MYSURU,2,2.5,0,0,1400,1875,0,0,3275
367,20117,MYSURU,1,1.5,0,0.2,700,1125,0,240,2065
368,20118,MYSURU,1,0,1,0,700,0,800,0,1500
369,20119,MYSURU,1,1.5,1,2.5,700,1125,800,3000,5625
370,20120,MYSURU,5,0,0,0,3500,0,0,0,3500
371,20121,MYSURU,9,0,0,0,6300,0,0,0,6300
372,20122,MYSURU,0,2,0,0,0,1500,0,0,1500
373,20123,MYSURU,0,0,0,0.2,0,0,0,240,240
374,20124,MYSURU,0,0,0.2,1,0,0,160,1200,1360
375,20125,MYSURU,1,0.2,0,0,700,150,0,0,850
376,20126,MYSURU,0.5,0,0,0,350,0,0,0,350
377,20127,MYSURU,0,0.5,1,0,0,375,800,0,1175
378,20128,MYSURU,0,0,0.2,0,0,0,160,0,160
379,20129,MYSURU,1.5,0,0,0,1050,0,0,0,1050
380,20130,MYSURU,0,0,1,0.2,0,0,800,240,1040
381,20131,MYSURU,0,0,0.2,0.5,0,0,160,600,760
382,20132,MYSURU,1,1,0,1,700,750,0,1200,2650
383,20133,MYSURU,0,0.2,1,0.5,0,150,800,600,1550
384,20134,MYSURU,0,0.5,1,0.5,0,375,800,600,1775
385,20135,MYSURU,0.5,0.5,0.5,0.5,350,375,400,600,1725
386,20136,MYSURU,0,1,0,2,0,750,0,2400,3150
387,20137,MYSURU,0,2.5,0,0,0,1875,0,0,1875
388,20138,MYSURU,0,0.2,0,0.5,0,150,0,600,750
389,20139,MYSURU,0,1,1,1,0,750,800,1200,2750
390,20140,MYSURU,0,1,1.5,2,0,750,1200,2400,4350
391,20141,MYSURU,1,0,0.2,0,700,0,160,0,860
392,20142,MYSURU,0.5,1,0.2,1,350,750,160,1200,2460
393,20143,MYSURU,1,0,0,0.2,700,0,0,240,940
394,20144,MYSURU,0,0.5,1,0,0,375,800,0,1175
395,20145,MYSURU,0.2,0,0,0,140,0,0,0,140
396,20146,MYSURU,1,1.5,1.2,2.5,700,1125,960,3000,5785
397,20147,MYSURU,0,0.2,0,0,0,150,0,0,150
398,20148,MYSURU,1,1,1.5,0,700,750,1200,0,2650
399,20149,MYSURU,0,0,0,0.2,0,0,0,240,240
400,20150,MYSURU,0,0.5,0.2,0,0,375,160,0,535
401,20151,MYSURU,1,1,1.5,0,700,750,1200,0,2650
402,20152,MYSURU,0,0.2,1,0,0,150,800,0,950
403,20153,MYSURU,0,0.2,0,0,0,150,0,0,150
404,20154,MYSURU,0.2,0.2,0.2,0.2,140,150,160,240,690
405,20155,MYSURU,1,0,0,1,700,0,0,1200,1900
406,20156,MYSURU,1,0,0,1,700,0,0,1200,1900
407,20157,MYSURU,1,1,2,2,700,750,1600,2400,5450
408,20158,MYSURU,0,0,0.2,0,0,0,160,0,160
409,20159,MYSURU,1,1.5,0,0,700,1125,0,0,1825
410,20160,MYSURU,1,1,1,0,700,750,800,0,2250
411,20161,MYSURU,2,2.5,0,0.5,1400,1875,0,600,3875
412,20162,MYSURU,0,0.5,0.2,1,0,375,160,1200,1735
413,20163,MYSURU,1,0,0,1,700,0,0,1200,1900
414,20164,MYSURU,1,0,0,2,700,0,0,2400,3100
415,20165,MYSURU,0,0.5,0.2,0,0,375,160,0,535
416,20166,MYSURU,0,1,0,2,0,750,0,2400,3150
417,20167,MYSURU,0,2,1,0,0,1500,800,0,2300
418,20168,MYSURU,1,2,3,0,700,1500,2400,0,4600
419,20169,MYSURU,0,2,3,1,0,1500,2400,1200,5100
420,20170,MYSURU,1,2,3,4,700,1500,2400,4800,9400
421,20171,MYSURU,5,3,2,1,3500,2250,1600,1200,8550
422,20172,MYSURU,0,0,0,0.2,0,0,0,240,240
423,20173,MYSURU,0,0.2,0,1,0,150,0,1200,1350
424,20174,MYSURU,0.5,0.2,1,0,350,150,800,0,1300
425,20175,MYSURU,0,0,0,1,0,0,0,1200,1200
426,20176,MYSURU,1,0,0.2,1,700,0,160,1200,2060
427,20177,MYSURU,1.5,0,0.2,0.5,1050,0,160,600,1810
428,20178,MYSURU,0,0.2,0.2,0.2,0,150,160,240,550
429,20179,MYSURU,0.5,0.5,0.2,0,350,375,160,0,885
430,20180,MYSURU,1,1,1,1,700,750,800,1200,3450
431,20181,MYSURU,0.2,0.5,1,1,140,375,800,1200,2515
432,20182,MYSURU,1,2,2,1,700,1500,1600,1200,5000
433,20183,MYSURU,2,2,2,2,1400,1500,1600,2400,6900
434,20184,MYSURU,1,1.5,0,0,700,1125,0,0,1825
435,20185,MYSURU,0,0,0,1,0,0,0,1200,1200
436,20186,MYSURU,0.2,0.5,0,1,140,375,0,1200,1715
437,20187,MYSURU,0,0.5,1,1,0,375,800,1200,2375
438,20188,MYSURU,0.2,1,0.5,1,140,750,400,1200,2490
439,20189,MYSURU,1.5,0.2,2,0.5,1050,150,1600,600,3400
440,20190,MYSURU,0,1,2,0.2,0,750,1600,240,2590
441,20191,MYSURU,1,3,2,0,700,2250,1600,0,4550
442,20192,MYSURU,0.5,1,4,5,350,750,3200,6000,10300
443,20193,MYSURU,0,2,5,6,0,1500,4000,7200,12700
444,20194,MYSURU,0,0,0,8,0,0,0,9600,9600
445,20195,MYSURU,0,0,0.2,0,0,0,160,0,160
446,20196,MYSURU,1,1,2,1,700,750,1600,1200,4250
447,20197,MYSURU,1.5,2,2.5,2.5,1050,1500,2000,3000,7550
448,20198,MYSURU,0,0.2,0,0.5,0,150,0,600,750
449,20199,MYSURU,1,1.5,2.5,1,700,1125,2000,1200,5025
450,20200,MYSURU,0,0.2,0.5,1,0,150,400,1200,1750
451,20201,MYSURU,1.5,0,0.2,0.5,1050,0,160,600,1810
452,20202,MYSURU,1,1.5,2,0,700,1125,1600,0,3425
453,20203,MYSURU,1,1.5,2.5,3,700,1125,2000,3600,7425
454,20204,MYSURU,0,0.2,0.5,1,0,150,400,1200,1750
455,20205,MYSURU,1,0.5,0,0.5,700,375,0,600,1675
456,20206,MYSURU,0,0,1,0,0,0,800,0,800
457,20207,MYSURU,0.5,0.2,1,1,350,150,800,1200,2500
458,20208,MYSURU,0,0.5,0.2,1,0,375,160,1200,1735
459,20209,MYSURU,1.5,2.5,0,3.5,1050,1875,0,4200,7125
460,20210,MYSURU,0,0.5,1,1.5,0,375,800,1800,2975
461,20211,MYSURU,2,2.5,1,0,1400,1875,800,0,4075
462,20212,MYSURU,0,0.2,0.5,1,0,150,400,1200,1750
463,20213,MYSURU,0.2,0,1,2,140,0,800,2400,3340
464,20214,MYSURU,0,0.2,0.5,3,0,150,400,3600,4150
465,20215,MYSURU,4,0,0,0,2800,0,0,0,2800
466,20216,MYSURU,0,4,0,0,0,3000,0,0,3000
467,20217,MYSURU,0,0,4,0,0,0,3200,0,3200
468,20218,MYSURU,0,5,0,0.2,0,3750,0,240,3990
469,20219,MYSURU,2.5,0,0.2,0,1750,0,160,0,1910
470,20220,MYSURU,0,0.5,1.5,0,0,375,1200,0,1575
471,20221,MYSURU,0.2,0.5,1,1.5,140,375,800,1800,3115
472,20222,MYSURU,0,0.5,1,2,0,375,800,2400,3575
473,20223,MYSURU,0.5,1,0,0,350,750,0,0,1100
474,20224,MYSURU,0,0.2,0.5,1,0,150,400,1200,1750
475,20225,MYSURU,0,0,0,2,0,0,0,2400,2400
476,20226,MYSURU,0,0.5,1,0,0,375,800,0,1175
477,20227,MYSURU,0,0.2,1,1.5,0,150,800,1800,2750
478,20228,MYSURU,0,0.5,1,1.5,0,375,800,1800,2975
479,20229,MYSURU,0,0.2,0.5,1,0,150,400,1200,1750
480,20230,MYSURU,0.2,0.5,1,1.5,140,375,800,1800,3115
481,20231,MYSURU,0,0.5,1.5,0,0,375,1200,0,1575
482,20232,MYSURU,0.2,0,0.5,1,140,0,400,1200,1740
483,20233,MYSURU,0,0.5,1.5,0,0,375,1200,0,1575
484,20234,MYSURU,0.5,0.2,1,0,350,150,800,0,1300
485,20235,MYSURU,0,0.5,1,0,0,375,800,0,1175
486,20236,MYSURU,0,0.5,0,1,0,375,0,1200,1575
487,20237,MYSURU,0.5,0.2,1,1.5,350,150,800,1800,3100
488,20238,MYSURU,0.2,0,0,0,140,0,0,0,140
489,20239,MYSURU,0.5,1,0,0.2,350,750,0,240,1340
490,20240,MYSURU,0,0,0.2,0.5,0,0,160,600,760
491,20241,MYSURU,1,1.5,0,0.2,700,1125,0,240,2065
492,20242,MYSURU,1.5,2.5,0,0,1050,1875,0,0,2925
493,20243,MYSURU,0.2,0,0,0.5,140,0,0,600,740
494,20244,MYSURU,0.2,0,0,2,140,0,0,2400,2540
495,20245,MYSURU,0,0,0,5,0,0,0,6000,6000
496,20246,MYSURU,0,0.5,0,0,0,375,0,0,375
497,20247,MYSURU,0,0,0.5,1,0,0,400,1200,1600
498,20248,MYSURU,1,1.5,2,0,700,1125,1600,0,3425
499,20249,MYSURU,0.2,0.5,1,1.5,140,375,800,1800,3115
500,20250,MYSURU,0,0.2,1,1.5,0,150,800,1800,2750
501,30001,BELAGAVI,0,0,0.5,1,0,0,400,1200,1600
502,30002,BELAGAVI,2,2,2,2,1400,1500,1600,2400,6900
503,30003,BELAGAVI,0,0.2,0.5,2,0,150,400,2400,2950
504,30004,BELAGAVI,1,1.5,0,0.2,700,1125,0,240,2065
505,30005,BELAGAVI,1,1.5,2,2,700,1125,1600,2400,5825
506,30006,BELAGAVI,0.2,0.5,0.5,1,140,375,400,1200,2115
507,30007,BELAGAVI,1.5,0,0,0,1050,0,0,0,1050
508,30008,BELAGAVI,0,0,0,8,0,0,0,9600,9600
509,30009,BELAGAVI,0,0.2,0.5,0,0,150,400,0,550
510,30010,BELAGAVI,1,2,3,4,700,1500,2400,4800,9400
511,30011,BELAGAVI,5,0,0,0,3500,0,0,0,3500
512,30012,BELAGAVI,6,0,0,0,4200,0,0,0,4200
513,30013,BELAGAVI,0,0,7,0,0,0,5600,0,5600
514,30014,BELAGAVI,3,3,3,3,2100,2250,2400,3600,10350
515,30015,BELAGAVI,3,0,0,0,2100,0,0,0,2100
516,30016,BELAGAVI,4,5,0,2,2800,3750,0,2400,8950
517,30017,BELAGAVI,1,3,5,0,700,2250,4000,0,6950
518,30018,BELAGAVI,6,0,2,0,4200,0,1600,0,5800
519,30019,BELAGAVI,7,0,0,0,4900,0,0,0,4900
520,30020,BELAGAVI,0,0.2,0.5,0,0,150,400,0,550
521,30021,BELAGAVI,0,2,0,0.2,0,1500,0,240,1740
522,30022,BELAGAVI,0,0.5,0,7,0,375,0,8400,8775
523,30023,BELAGAVI,0.2,0,0,0.5,140,0,0,600,740
524,30024,BELAGAVI,1,1,1.5,2,700,750,1200,2400,5050
525,30025,BELAGAVI,0,0.5,0.2,0,0,375,160,0,535
526,30026,BELAGAVI,0,2,1.5,2,0,1500,1200,2400,5100
527,30027,BELAGAVI,0,0,0,2,0,0,0,2400,2400
528,30028,BELAGAVI,0,0,0.2,0,0,0,160,0,160
529,30029,BELAGAVI,0,0.5,1,0,0,375,800,0,1175
530,30030,BELAGAVI,0,0.2,0,1,0,150,0,1200,1350
531,30031,BELAGAVI,2,0,0,2,1400,0,0,2400,3800
532,30032,BELAGAVI,0,0,2,0,0,0,1600,0,1600
533,30033,BELAGAVI,2,5,0,0,1400,3750,0,0,5150
534,30034,BELAGAVI,5,0,0,1,3500,0,0,1200,4700
535,30035,BELAGAVI,5,0,0,2,3500,0,0,2400,5900
536,30036,BELAGAVI,2,0,0.2,0,1400,0,160,0,1560
537,30037,BELAGAVI,0.5,2,1,0,350,1500,800,0,2650
538,30038,BELAGAVI,0,1.5,0,0.2,0,1125,0,240,1365
539,30039,BELAGAVI,0.2,0,0,0,140,0,0,0,140
540,30040,BELAGAVI,0.5,0,0,0,350,0,0,0,350
541,30041,BELAGAVI,1,1,1,0.2,700,750,800,240,2490
542,30042,BELAGAVI,0,0,0.5,1,0,0,400,1200,1600
543,30043,BELAGAVI,0.2,1,0.5,0,140,750,400,0,1290
544,30044,BELAGAVI,0,0.2,0,0,0,150,0,0,150
545,30045,BELAGAVI,0,0,0.5,0,0,0,400,0,400
546,30046,BELAGAVI,0,1.5,2,0,0,1125,1600,0,2725
547,30047,BELAGAVI,0,0.2,0,0.5,0,150,0,600,750
548,30048,BELAGAVI,2,2,3,0,1400,1500,2400,0,5300
549,30049,BELAGAVI,3.5,0,0,0.2,2450,0,0,240,2690
550,30050,BELAGAVI,0,0,0.5,0,0,0,400,0,400
551,30051,BELAGAVI,0.2,0,0.5,0,140,0,400,0,540
552,30052,BELAGAVI,0,2,0,1,0,1500,0,1200,2700
553,30053,BELAGAVI,0,0,3,0,0,0,2400,0,2400
554,30054,BELAGAVI,0,0,2,0,0,0,1600,0,1600
555,30055,BELAGAVI,0,0,0.2,0,0,0,160,0,160
556,30056,BELAGAVI,0.2,0.5,1,1.5,140,375,800,1800,3115
557,30057,BELAGAVI,2,0,0,0,1400,0,0,0,1400
558,30058,BELAGAVI,0,2,0,1,0,1500,0,1200,2700
559,30059,BELAGAVI,0,2,0,0.2,0,1500,0,240,1740
560,30060,BELAGAVI,0,0.5,1,1.5,0,375,800,1800,2975
561,30061,BELAGAVI,0,0.2,1,1.5,0,150,800,1800,2750
562,30062,BELAGAVI,1,2,3,1,700,1500,2400,1200,5800
563,30063,BELAGAVI,1,3,0,2,700,2250,0,2400,5350
564,30064,BELAGAVI,1,0,2,1,700,0,1600,1200,3500
565,30065,BELAGAVI,0,0.5,0.2,0,0,375,160,0,535
566,30066,BELAGAVI,0,0.5,0.2,0,0,375,160,0,535
567,30067,BELAGAVI,0.5,0.2,0,1,350,150,0,1200,1700
568,30068,BELAGAVI,1,1.5,2,0,700,1125,1600,0,3425
569,30069,BELAGAVI,0,0.2,0,0.5,0,150,0,600,750
570,30070,BELAGAVI,0,0.2,0.5,0,0,150,400,0,550
571,30071,BELAGAVI,1,1.5,0,0,700,1125,0,0,1825
572,30072,BELAGAVI,5,0,0,0,3500,0,0,0,3500
573,30073,BELAGAVI,3.5,0,0,0.2,2450,0,0,240,2690
574,30074,BELAGAVI,0,3.5,0,0.2,0,2625,0,240,2865
575,30075,BELAGAVI,0,0.2,0.5,0,0,150,400,0,550
576,30076,BELAGAVI,0,1,0,1.5,0,750,0,1800,2550
577,30077,BELAGAVI,2,0,0.5,1,1400,0,400,1200,3000
578,30078,BELAGAVI,0.2,0.5,1,0,140,375,800,0,1315
579,30079,BELAGAVI,0,0,0.2,0,0,0,160,0,160
580,30080,BELAGAVI,0,0,0,1,0,0,0,1200,1200
581,30081,BELAGAVI,1,0,0,1,700,0,0,1200,1900
582,30082,BELAGAVI,1,1,0,0,700,750,0,0,1450
583,30083,BELAGAVI,0,0,0,1,0,0,0,1200,1200
584,30084,BELAGAVI,1,0,0,0,700,0,0,0,700
585,30085,BELAGAVI,1,0,0,1,700,0,0,1200,1900
586,30086,BELAGAVI,0,1,1,0,0,750,800,0,1550
587,30087,BELAGAVI,0.5,0.2,1,0.2,350,150,800,240,1540
588,30088,BELAGAVI,0,0.5,1,3.5,0,375,800,4200,5375
589,30089,BELAGAVI,1,2.5,0,0,700,1875,0,0,2575
590,30090,BELAGAVI,0,4.5,0,0,0,3375,0,0,3375
591,30091,BELAGAVI,2,0.2,0.5,0,1400,150,400,0,1950
592,30092,BELAGAVI,1.5,0,0.2,0.5,1050,0,160,600,1810
593,30093,BELAGAVI,0.5,2,0,0,350,1500,0,0,1850
594,30094,BELAGAVI,0,1,2,3,0,750,1600,3600,5950
595,30095,BELAGAVI,0,0.5,1,2,0,375,800,2400,3575
596,30096,BELAGAVI,0.5,1,0,0,350,750,0,0,1100
597,30097,BELAGAVI,0,0,0,2,0,0,0,2400,2400
598,30098,BELAGAVI,0.2,0.5,1,2,140,375,800,2400,3715
599,30099,BELAGAVI,0,0.2,1,1,0,150,800,1200,2150
600,30100,BELAGAVI,0,4.5,0,0,0,3375,0,0,3375
601,30101,BELAGAVI,0,0,2,0,0,0,1600,0,1600
602,30102,BELAGAVI,2,0,0,2,1400,0,0,2400,3800
603,30103,BELAGAVI,2,0,0,1,1400,0,0,1200,2600
604,30104,BELAGAVI,1,0,0,2,700,0,0,2400,3100
605,30105,BELAGAVI,3,0,0,2,2100,0,0,2400,4500
606,30106,BELAGAVI,0,3,2,0,0,2250,1600,0,3850
607,30107,BELAGAVI,0,1,2,0,0,750,1600,0,2350
608,30108,BELAGAVI,0,2,2,0,0,1500,1600,0,3100
609,30109,BELAGAVI,0.2,0,0.5,1,140,0,400,1200,1740
610,30110,BELAGAVI,0,0,0.5,0.5,0,0,400,600,1000
611,30111,BELAGAVI,1,1.5,0,2.5,700,1125,0,3000,4825
612,30112,BELAGAVI,0,0.2,0,0.5,0,150,0,600,750
613,30113,BELAGAVI,1,1,2,0,700,750,1600,0,3050
614,30114,BELAGAVI,0.2,0,0,0.5,140,0,0,600,740
615,30115,BELAGAVI,1,0,0,0,700,0,0,0,700
616,30116,BELAGAVI,3,0,0,0,2100,0,0,0,2100
617,30117,BELAGAVI,0,0,0,4,0,0,0,4800,4800
618,30118,BELAGAVI,0,2,1,0,0,1500,800,0,2300
619,30119,BELAGAVI,0,0,0,0.5,0,0,0,600,600
620,30120,BELAGAVI,1,0.5,0,0,700,375,0,0,1075
621,30121,BELAGAVI,1,0,0.5,0,700,0,400,0,1100
622,30122,BELAGAVI,0.2,0,2,0,140,0,1600,0,1740
623,30123,BELAGAVI,0,10,0,0,0,7500,0,0,7500
624,30124,BELAGAVI,0,1.5,0,0.5,0,1125,0,600,1725
625,30125,BELAGAVI,0.2,0.5,0,1.5,140,375,0,1800,2315
626,30126,BELAGAVI,0,0,0,4,0,0,0,4800,4800
627,30127,BELAGAVI,0,0,0,5,0,0,0,6000,6000
628,30128,BELAGAVI,0,5,0,0,0,3750,0,0,3750
629,30129,BELAGAVI,0,2.5,0,1.5,0,1875,0,1800,3675
630,30130,BELAGAVI,0,1,2,0,0,750,1600,0,2350
631,30131,BELAGAVI,0,0.2,0.5,0,0,150,400,0,550
632,30132,BELAGAVI,1,0,0,2,700,0,0,2400,3100
633,30133,BELAGAVI,2,0,0,2.5,1400,0,0,3000,4400
634,30134,BELAGAVI,0,0,0.5,0.2,0,0,400,240,640
635,30135,BELAGAVI,1,0,2,0,700,0,1600,0,2300
636,30136,BELAGAVI,0,0.5,0,0.2,0,375,0,240,615
637,30137,BELAGAVI,1,0,0.2,0,700,0,160,0,860
638,30138,BELAGAVI,2.5,0,0.5,1,1750,0,400,1200,3350
639,30139,BELAGAVI,0,0.2,1,1.5,0,150,800,1800,2750
640,30140,BELAGAVI,0.5,0.2,1,3.5,350,150,800,4200,5500
641,30141,BELAGAVI,1.5,2.5,0,0,1050,1875,0,0,2925
642,30142,BELAGAVI,0,0,0.5,0.2,0,0,400,240,640
643,30143,BELAGAVI,0,0,0,0.2,0,0,0,240,240
644,30144,BELAGAVI,1,1,1.5,2,700,750,1200,2400,5050
645,30145,BELAGAVI,0,0.2,0,0.5,0,150,0,600,750
646,30146,BELAGAVI,0,0.2,2,0,0,150,1600,0,1750
647,30147,BELAGAVI,0.5,1,1.5,0,350,750,1200,0,2300
648,30148,BELAGAVI,0,0,0.5,1,0,0,400,1200,1600
649,30149,BELAGAVI,1,2,0,0.2,700,1500,0,240,2440
650,30150,BELAGAVI,0,0.2,0.5,1,0,150,400,1200,1750
651,30151,BELAGAVI,1.5,2,0,0.2,1050,1500,0,240,2790
652,30152,BELAGAVI,0.5,0.2,1,1.5,350,150,800,1800,3100
653,30153,BELAGAVI,2,2,0,0.2,1400,1500,0,240,3140
654,30154,BELAGAVI,0,0.5,0.2,1,0,375,160,1200,1735
655,30155,BELAGAVI,0,0.5,1.5,0,0,375,1200,0,1575
656,30156,BELAGAVI,0,0.2,0,0.5,0,150,0,600,750
657,30157,BELAGAVI,1,0,0,0,700,0,0,0,700
658,30158,BELAGAVI,1,0,1,2,700,0,800,2400,3900
659,30159,BELAGAVI,0,2,0.2,1,0,1500,160,1200,2860
660,30160,BELAGAVI,0.5,1,1.5,0,350,750,1200,0,2300
661,30161,BELAGAVI,0.2,1,2.5,3,140,750,2000,3600,6490
662,30162,BELAGAVI,0,0.5,1,0.2,0,375,800,240,1415
663,30163,BELAGAVI,1,1.5,2.5,2,700,1125,2000,2400,6225
664,30164,BELAGAVI,0.5,0,0.2,0.5,350,0,160,600,1110
665,30165,BELAGAVI,1,1,1,1,700,750,800,1200,3450
666,30166,BELAGAVI,2.5,2.5,2.5,2.5,1750,1875,2000,3000,8625
667,30167,BELAGAVI,0,0.2,0.5,1,0,150,400,1200,1750
668,30168,BELAGAVI,1.5,2.5,2,0.2,1050,1875,1600,240,4765
669,30169,BELAGAVI,0,0.5,1,0,0,375,800,0,1175
670,30170,BELAGAVI,0,0.2,1,0,0,150,800,0,950
671,30171,BELAGAVI,0,0,0,4,0,0,0,4800,4800
672,30172,BELAGAVI,0,2.5,0,0.2,0,1875,0,240,2115
673,30173,BELAGAVI,0.2,1,1.5,2,140,750,1200,2400,4490
674,30174,BELAGAVI,2,3,2,0,1400,2250,1600,0,5250
675,30175,BELAGAVI,0,0.5,1,0,0,375,800,0,1175
676,30176,BELAGAVI,0.5,0.2,1,1,350,150,800,1200,2500
677,30177,BELAGAVI,0,0.5,1,2,0,375,800,2400,3575
678,30178,BELAGAVI,0.2,1,2,0,140,750,1600,0,2490
679,30179,BELAGAVI,0,4,0,0,0,3000,0,0,3000
680,30180,BELAGAVI,0,0,3,0,0,0,2400,0,2400
681,30181,BELAGAVI,0,2,0,3,0,1500,0,3600,5100
682,30182,BELAGAVI,0,1,0.2,0,0,750,160,0,910
683,30183,BELAGAVI,1,2,0,3,700,1500,0,3600,5800
684,30184,BELAGAVI,0,0.5,1,0.5,0,375,800,600,1775
685,30185,BELAGAVI,0,0.2,1,0.5,0,150,800,600,1550
686,30186,BELAGAVI,4,3,2,1,2800,2250,1600,1200,7850
687,30187,BELAGAVI,1,2.5,0,0.5,700,1875,0,600,3175
688,30188,BELAGAVI,0,0,0,4,0,0,0,4800,4800
689,30189,BELAGAVI,0,0.2,0,0.5,0,150,0,600,750
690,30190,BELAGAVI,1,1.5,2,2.5,700,1125,1600,3000,6425
691,30191,BELAGAVI,0,0.5,0,0.2,0,375,0,240,615
692,30192,BELAGAVI,0,0,1,1,0,0,800,1200,2000
693,30193,BELAGAVI,1,2,0,0,700,1500,0,0,2200
694,30194,BELAGAVI,2,2,0,0,1400,1500,0,0,2900
695,30195,BELAGAVI,0,2,0,2,0,1500,0,2400,3900
696,30196,BELAGAVI,0.2,0.5,1,1.5,140,375,800,1800,3115
697,30197,BELAGAVI,0,0.2,1,1.5,0,150,800,1800,2750
698,30198,BELAGAVI,2,4,0,2,1400,3000,0,2400,6800
699,30199,BELAGAVI,0,0.2,0.5,0,0,150,400,0,550
700,30200,BELAGAVI,0.5,0,0.2,0,350,0,160,0,510
701,30201,BELAGAVI,0,0,0.2,0,0,0,160,0,160
702,30202,BELAGAVI,1,2,0,3,700,1500,0,3600,5800
703,30203,BELAGAVI,0,0.2,0.5,1,0,150,400,1200,1750
704,30204,BELAGAVI,1,0.2,0,0.5,700,150,0,600,1450
705,30205,BELAGAVI,1,2,3,0,700,1500,2400,0,4600
706,30206,BELAGAVI,0,0,0.5,1,0,0,400,1200,1600
707,30207,BELAGAVI,0,0,0.2,0.5,0,0,160,600,760
708,30208,BELAGAVI,1,0.5,2,0,700,375,1600,0,2675
709,30209,BELAGAVI,0,0.5,3,4,0,375,2400,4800,7575
710,30210,BELAGAVI,0,0.5,0.2,4,0,375,160,4800,5335
711,30211,BELAGAVI,0,0.5,0.2,1,0,375,160,1200,1735
712,30212,BELAGAVI,0.2,0.5,0,1,140,375,0,1200,1715
713,30213,BELAGAVI,1.5,0.2,0.5,1,1050,150,400,1200,2800
714,30214,BELAGAVI,0,0,0,4,0,0,0,4800,4800
715,30215,BELAGAVI,0,0.5,0.2,0,0,375,160,0,535
716,30216,BELAGAVI,1,2,3,4,700,1500,2400,4800,9400
717,30217,BELAGAVI,0,0.5,0.2,1,0,375,160,1200,1735
718,30218,BELAGAVI,1,2,3,0,700,1500,2400,0,4600
719,30219,BELAGAVI,1,0,0,0,700,0,0,0,700
720,30220,BELAGAVI,0,0,1,0,0,0,800,0,800
721,30221,BELAGAVI,1.5,0,0.2,0,1050,0,160,0,1210
722,30222,BELAGAVI,0.5,1,0,0.5,350,750,0,600,1700
723,30223,BELAGAVI,0,0.5,0.2,1,0,375,160,1200,1735
724,30224,BELAGAVI,0,1,0,1,0,750,0,1200,1950
725,30225,BELAGAVI,1,0,0,1,700,0,0,1200,1900
726,30226,BELAGAVI,0,0.5,0,1,0,375,0,1200,1575
727,30227,BELAGAVI,1,0,0,0,700,0,0,0,700
728,30228,BELAGAVI,0,0,1,0,0,0,800,0,800
729,30229,BELAGAVI,0,0,0,1,0,0,0,1200,1200
730,30230,BELAGAVI,4,0,0,0,2800,0,0,0,2800
731,30231,BELAGAVI,0,3,0,0,0,2250,0,0,2250
732,30232,BELAGAVI,0,4,2,0,0,3000,1600,0,4600
733,30233,BELAGAVI,5,0,0,0,3500,0,0,0,3500
734,30234,BELAGAVI,5,5,5,5,3500,3750,4000,6000,17250
735,30235,BELAGAVI,1,1,1,1,700,750,800,1200,3450
736,30236,BELAGAVI,2,2,2,2,1400,1500,1600,2400,6900
737,30237,BELAGAVI,2.5,1.5,1,2,1750,1125,800,2400,6075
738,30238,BELAGAVI,0.2,0,0.5,1,140,0,400,1200,1740
739,30239,BELAGAVI,0,0,0.5,1,0,0,400,1200,1600
740,30240,BELAGAVI,1,0,0.5,0,700,0,400,0,1100
741,30241,BELAGAVI,0,0,0.2,0,0,0,160,0,160
742,30242,BELAGAVI,0,0,0.2,0,0,0,160,0,160
743,30243,BELAGAVI,0,0,1,0,0,0,800,0,800
744,30244,BELAGAVI,1,0,2,3,700,0,1600,3600,5900
745,30245,BELAGAVI,1,0,0,0,700,0,0,0,700
746,30246,BELAGAVI,0,2,0,0,0,1500,0,0,1500
747,30247,BELAGAVI,0.2,0,0,0,140,0,0,0,140
748,30248,BELAGAVI,0,0.5,0,0,0,375,0,0,375
749,30249,BELAGAVI,0,1,0,2.5,0,750,0,3000,3750
750,30250,BELAGAVI,0,0.5,0.2,0,0,375,160,0,535
751,40001,HUBLI,0.2,0,0,1,140,0,0,1200,1340
752,40002,HUBLI,1,0,0.5,0,700,0,400,0,1100
753,40003,HUBLI,3,2,1,0,2100,1500,800,0,4400
754,40004,HUBLI,1,0.5,0,0,700,375,0,0,1075
755,40005,HUBLI,0,0,0.5,0,0,0,400,0,400
756,40006,HUBLI,1,1.5,0,0.5,700,1125,0,600,2425
757,40007,HUBLI,0,0,0,4,0,0,0,4800,4800
758,40008,HUBLI,0,0,0,3,0,0,0,3600,3600
759,40009,HUBLI,0,0.2,0.5,1,0,150,400,1200,1750
760,40010,HUBLI,0,0.5,0,0,0,375,0,0,375
761,40011,HUBLI,1,1.5,2,0,700,1125,1600,0,3425
762,40012,HUBLI,0.5,0.2,0,1,350,150,0,1200,1700
763,40013,HUBLI,1,1.5,2,0,700,1125,1600,0,3425
764,40014,HUBLI,0,0.5,1,0,0,375,800,0,1175
765,40015,HUBLI,0,0,0,1,0,0,0,1200,1200
766,40016,HUBLI,1,1,1,1,700,750,800,1200,3450
767,40017,HUBLI,2.5,0,2,3,1750,0,1600,3600,6950
768,40018,HUBLI,0,0.2,0,1,0,150,0,1200,1350
769,40019,HUBLI,0.2,0.5,0,0,140,375,0,0,515
770,40020,HUBLI,1,2,0,0,700,1500,0,0,2200
771,40021,HUBLI,0,0.2,0,0.5,0,150,0,600,750
772,40022,HUBLI,0,1,2,0,0,750,1600,0,2350
773,40023,HUBLI,1,0,0,0,700,0,0,0,700
774,40024,HUBLI,0,2,3,0,0,1500,2400,0,3900
775,40025,HUBLI,0.2,0.5,1,0,140,375,800,0,1315
776,40026,HUBLI,1,0.5,1.5,0,700,375,1200,0,2275
777,40027,HUBLI,0,0,0.5,1,0,0,400,1200,1600
778,40028,HUBLI,0.5,0.5,0,0.2,350,375,0,240,965
779,40029,HUBLI,0.2,1,0,0,140,750,0,0,890
780,40030,HUBLI,0,0,0,0.5,0,0,0,600,600
781,40031,HUBLI,1,0.5,0.2,0,700,375,160,0,1235
782,40032,HUBLI,0,0.5,0,0,0,375,0,0,375
783,40033,HUBLI,1,0.2,0,0,700,150,0,0,850
784,40034,HUBLI,0,0.5,0,0,0,375,0,0,375
785,40035,HUBLI,0,0.2,0,0,0,150,0,0,150
786,40036,HUBLI,0,0,0,2,0,0,0,2400,2400
787,40037,HUBLI,0.5,0,0,0,350,0,0,0,350
788,40038,HUBLI,6,0,0,0,4200,0,0,0,4200
789,40039,HUBLI,0,8,0,0,0,6000,0,0,6000
790,40040,HUBLI,0,0,2,0,0,0,1600,0,1600
791,40041,HUBLI,0,0,0.2,0,0,0,160,0,160
792,40042,HUBLI,0,0.5,1,0,0,375,800,0,1175
793,40043,HUBLI,0,0.5,0.5,1,0,375,400,1200,1975
794,40044,HUBLI,0,0.5,0.2,1,0,375,160,1200,1735
795,40045,HUBLI,2,0,0.5,0,1400,0,400,0,1800
796,40046,HUBLI,0,0,0.5,0,0,0,400,0,400
797,40047,HUBLI,0,0.5,0,0.2,0,375,0,240,615
798,40048,HUBLI,0.5,0,0,0,350,0,0,0,350
799,40049,HUBLI,0,0.2,0,0,0,150,0,0,150
800,40050,HUBLI,1,0,0,0,700,0,0,0,700
801,40051,HUBLI,0.2,0,0,1.5,140,0,0,1800,1940
802,40052,HUBLI,0,1,0.5,0,0,750,400,0,1150
803,40053,HUBLI,0,0.5,0,0,0,375,0,0,375
804,40054,HUBLI,0.2,0,0,0,140,0,0,0,140
805,40055,HUBLI,0,0.5,1,2,0,375,800,2400,3575
806,40056,HUBLI,0,1,2,0,0,750,1600,0,2350
807,40057,HUBLI,4,0,0,0,2800,0,0,0,2800
808,40058,HUBLI,0,2,0,0,0,1500,0,0,1500
809,40059,HUBLI,0,2,0,1,0,1500,0,1200,2700
810,40060,HUBLI,0,3,0,0,0,2250,0,0,2250
811,40061,HUBLI,0,3.5,0,0,0,2625,0,0,2625
812,40062,HUBLI,0,0.5,0,0,0,375,0,0,375
813,40063,HUBLI,1,0,0,0,700,0,0,0,700
814,40064,HUBLI,0,0.5,0,2.5,0,375,0,3000,3375
815,40065,HUBLI,0,0.5,1,0.5,0,375,800,600,1775
816,40066,HUBLI,0,0.5,0,1,0,375,0,1200,1575
817,40067,HUBLI,0,1,1,1,0,750,800,1200,2750
818,40068,HUBLI,1,1,0,1,700,750,0,1200,2650
819,40069,HUBLI,2,3,3,0,1400,2250,2400,0,6050
820,40070,HUBLI,0,2,4,0,0,1500,3200,0,4700
821,40071,HUBLI,0,0.5,1,0,0,375,800,0,1175
822,40072,HUBLI,1,0,1,0,700,0,800,0,1500
823,40073,HUBLI,2,0,0,2,1400,0,0,2400,3800
824,40074,HUBLI,3,0,0,2,2100,0,0,2400,4500
825,40075,HUBLI,1,1.5,0,0,700,1125,0,0,1825
826,40076,HUBLI,0,2.5,0,1,0,1875,0,1200,3075
827,40077,HUBLI,0,0.5,0,0,0,375,0,0,375
828,40078,HUBLI,0.2,0,0,0,140,0,0,0,140
829,40079,HUBLI,0,1,0,2,0,750,0,2400,3150
830,40080,HUBLI,0,0.5,0.2,0,0,375,160,0,535
831,40081,HUBLI,1,2.5,0,0,700,1875,0,0,2575
832,40082,HUBLI,0,3.5,0,0,0,2625,0,0,2625
833,40083,HUBLI,1,1.5,2,0,700,1125,1600,0,3425
834,40084,HUBLI,0,0,0.5,0,0,0,400,0,400
835,40085,HUBLI,1.5,0,2.5,0,1050,0,2000,0,3050
836,40086,HUBLI,0,0.5,0,0.2,0,375,0,240,615
837,40087,HUBLI,0,1.5,0,2.5,0,1125,0,3000,4125
838,40088,HUBLI,0,0.5,2,0,0,375,1600,0,1975
839,40089,HUBLI,0,0.5,0,0.5,0,375,0,600,975
840,40090,HUBLI,1,2,0,0,700,1500,0,0,2200
841,40091,HUBLI,2,1,0,0,1400,750,0,0,2150
842,40092,HUBLI,3,1,0,2,2100,750,0,2400,5250
843,40093,HUBLI,2,0,1,0,1400,0,800,0,2200
844,40094,HUBLI,0,5,1,0,0,3750,800,0,4550
845,40095,HUBLI,0,6,0,0,0,4500,0,0,4500
846,40096,HUBLI,0,9,0,0,0,6750,0,0,6750
847,40097,HUBLI,0,0,0.5,0,0,0,400,0,400
848,40098,HUBLI,0.5,0.2,0.4,2,350,150,320,2400,3220
849,40099,HUBLI,0.2,0,0.5,0,140,0,400,0,540
850,40100,HUBLI,0,0,0.5,0,0,0,400,0,400
851,40101,HUBLI,1,0,0,0,700,0,0,0,700
852,40102,HUBLI,0,0,0.2,0,0,0,160,0,160
853,40103,HUBLI,0.5,0,0,0,350,0,0,0,350
854,40104,HUBLI,0,0,0.2,0,0,0,160,0,160
855,40105,HUBLI,1,1.5,0,0.2,700,1125,0,240,2065
856,40106,HUBLI,0,0,3,0,0,0,2400,0,2400
857,40107,HUBLI,3,0,0,2,2100,0,0,2400,4500
858,40108,HUBLI,0,0,8,0,0,0,6400,0,6400
859,40109,HUBLI,4,0,0,0,2800,0,0,0,2800
860,40110,HUBLI,5,0,5,0,3500,0,4000,0,7500
861,40111,HUBLI,0,0,0,5,0,0,0,6000,6000
862,40112,HUBLI,0,6,0,0,0,4500,0,0,4500
863,40113,HUBLI,1.5,0,0.2,0,1050,0,160,0,1210
864,40114,HUBLI,0,0,0.5,0,0,0,400,0,400
865,40115,HUBLI,0.5,0,0.2,0,350,0,160,0,510
866,40116,HUBLI,1.5,0,0,0.2,1050,0,0,240,1290
867,40117,HUBLI,0,0,0.2,0,0,0,160,0,160
868,40118,HUBLI,1,1.5,2,0,700,1125,1600,0,3425
869,40119,HUBLI,5,0,0,0,3500,0,0,0,3500
870,40120,HUBLI,0,0,3,0,0,0,2400,0,2400
871,40121,HUBLI,1,0.2,0,0,700,150,0,0,850
872,40122,HUBLI,0.5,0,0.2,1,350,0,160,1200,1710
873,40123,HUBLI,1,1.5,0,0.5,700,1125,0,600,2425
874,40124,HUBLI,0,0.5,1,1.5,0,375,800,1800,2975
875,40125,HUBLI,0.2,0.5,0,0,140,375,0,0,515
876,40126,HUBLI,1.5,0,0.2,0,1050,0,160,0,1210
877,40127,HUBLI,1,0,0.2,0,700,0,160,0,860
878,40128,HUBLI,0,0.5,0,0.5,0,375,0,600,975
879,40129,HUBLI,0.5,0,0,0,350,0,0,0,350
880,40130,HUBLI,1,0,0,0,700,0,0,0,700
881,40131,HUBLI,0,0,0,3,0,0,0,3600,3600
882,40132,HUBLI,0,0.2,0.5,0,0,150,400,0,550
883,40133,HUBLI,0.5,0,0,1,350,0,0,1200,1550
884,40134,HUBLI,3,0,0,0,2100,0,0,0,2100
885,40135,HUBLI,1,0.5,0,0,700,375,0,0,1075
886,40136,HUBLI,0.5,0.2,0,0,350,150,0,0,500
887,40137,HUBLI,0,0,0.5,0.2,0,0,400,240,640
888,40138,HUBLI,0,1,0,2,0,750,0,2400,3150
889,40139,HUBLI,0,0,0,2,0,0,0,2400,2400
890,40140,HUBLI,0,2,1,0,0,1500,800,0,2300
891,40141,HUBLI,1,2,3,0,700,1500,2400,0,4600
892,40142,HUBLI,0,3,0,0.2,0,2250,0,240,2490
893,40143,HUBLI,0.5,0.2,0,0,350,150,0,0,500
894,40144,HUBLI,0,0,4,0,0,0,3200,0,3200
895,40145,HUBLI,0,0.5,0,0.5,0,375,0,600,975
896,40146,HUBLI,0.5,0.5,0.5,0.5,350,375,400,600,1725
897,40147,HUBLI,0.2,0,0.5,0,140,0,400,0,540
898,40148,HUBLI,1,1.5,0,0,700,1125,0,0,1825
899,40149,HUBLI,2.5,0,0,0,1750,0,0,0,1750
900,40150,HUBLI,0,3.5,0,0,0,2625,0,0,2625
901,40151,HUBLI,0,0.2,0.5,0,0,150,400,0,550
902,40152,HUBLI,0,0.5,0.2,1,0,375,160,1200,1735
903,40153,HUBLI,0,0.5,1,0,0,375,800,0,1175
904,40154,HUBLI,0,0.5,0,0,0,375,0,0,375
905,40155,HUBLI,0,0.5,0,0,0,375,0,0,375
906,40156,HUBLI,0,0.2,0,0,0,150,0,0,150
907,40157,HUBLI,0,0,0.5,0,0,0,400,0,400
908,40158,HUBLI,0,1,0,0,0,750,0,0,750
909,40159,HUBLI,2,0.2,0,0.5,1400,150,0,600,2150
910,40160,HUBLI,0.2,0.5,1,1.5,140,375,800,1800,3115
911,40161,HUBLI,0.5,1.5,0,0,350,1125,0,0,1475
912,40162,HUBLI,0,0.2,0.5,1,0,150,400,1200,1750
913,40163,HUBLI,1,1.5,2,0,700,1125,1600,0,3425
914,40164,HUBLI,0,0.2,0,0.5,0,150,0,600,750
915,40165,HUBLI,0,0,0,1,0,0,0,1200,1200
916,40166,HUBLI,1,0,0.2,0,700,0,160,0,860
917,40167,HUBLI,1,1.5,0,0.2,700,1125,0,240,2065
918,40168,HUBLI,0,0.5,0,0.2,0,375,0,240,615
919,40169,HUBLI,0,0,0.5,1,0,0,400,1200,1600
920,40170,HUBLI,0.5,0.2,0,0,350,150,0,0,500
921,40171,HUBLI,0,0.5,0,0,0,375,0,0,375
922,40172,HUBLI,0.2,0,0.5,0,140,0,400,0,540
923,40173,HUBLI,0,0.5,0,0,0,375,0,0,375
924,40174,HUBLI,0,1,1,0,0,750,800,0,1550
925,40175,HUBLI,1,0,0.2,0,700,0,160,0,860
926,40176,HUBLI,0.5,0.2,0,0,350,150,0,0,500
927,40177,HUBLI,0,1,1.5,0,0,750,1200,0,1950
928,40178,HUBLI,2,0.2,0,0,1400,150,0,0,1550
929,40179,HUBLI,0,0.2,0,0.5,0,150,0,600,750
930,40180,HUBLI,1,1.5,2.5,0,700,1125,2000,0,3825
931,40181,HUBLI,0,0.5,0.2,0,0,375,160,0,535
932,40182,HUBLI,1,2,0,0,700,1500,0,0,2200
933,40183,HUBLI,0.2,0,0,0.5,140,0,0,600,740
934,40184,HUBLI,1,0,0,0.2,700,0,0,240,940
935,40185,HUBLI,2,0,0.5,0,1400,0,400,0,1800
936,40186,HUBLI,0.2,0,0,1,140,0,0,1200,1340
937,40187,HUBLI,0,0,0.2,0,0,0,160,0,160
938,40188,HUBLI,0,0.2,0,0.5,0,150,0,600,750
939,40189,HUBLI,1,1.5,0,0.2,700,1125,0,240,2065
940,40190,HUBLI,1.5,0,0.2,0,1050,0,160,0,1210
941,40191,HUBLI,0,0.5,1,1.5,0,375,800,1800,2975
942,40192,HUBLI,0,0,0,0.5,0,0,0,600,600
943,40193,HUBLI,0,5,0,0,0,3750,0,0,3750
944,40194,HUBLI,0,0.5,0,0.2,0,375,0,240,615
945,40195,HUBLI,0,0.5,0.2,1,0,375,160,1200,1735
946,40196,HUBLI,1,2,3,0,700,1500,2400,0,4600
947,40197,HUBLI,0,0,0.5,0.2,0,0,400,240,640
948,40198,HUBLI,0,0.5,0,0,0,375,0,0,375
949,40199,HUBLI,0,0.5,0.2,0,0,375,160,0,535
950,40200,HUBLI,0,0.5,0,0,0,375,0,0,375
951,40201,HUBLI,1,0,0,0,700,0,0,0,700
952,40202,HUBLI,2,0,0,3,1400,0,0,3600,5000
953,40203,HUBLI,0,0,2,2.5,0,0,1600,3000,4600
954,40204,HUBLI,0,0.2,0,0.5,0,150,0,600,750
955,40205,HUBLI,1,0,0.5,0,700,0,400,0,1100
956,40206,HUBLI,0.5,0,0,0,350,0,0,0,350
957,40207,HUBLI,0,0.5,0.5,0.5,0,375,400,600,1375
958,40208,HUBLI,0.2,0.2,0.2,0.2,140,150,160,240,690
959,40209,HUBLI,0,1,1.5,2,0,750,1200,2400,4350
960,40210,HUBLI,0,0,0.5,0,0,0,400,0,400
961,40211,HUBLI,0,0.5,1,0.2,0,375,800,240,1415
962,40212,HUBLI,1,2,0,0,700,1500,0,0,2200
963,40213,HUBLI,2.5,0,0,0,1750,0,0,0,1750
964,40214,HUBLI,0,0.2,0,0.5,0,150,0,600,750
965,40215,HUBLI,0.5,0,0.2,0,350,0,160,0,510
966,40216,HUBLI,0,0,0,0.5,0,0,0,600,600
967,40217,HUBLI,0,0.5,0,0.2,0,375,0,240,615
968,40218,HUBLI,1,1,1,1,700,750,800,1200,3450
969,40219,HUBLI,2,2,2,2,1400,1500,1600,2400,6900
970,40220,HUBLI,0.2,0.5,0.2,0.2,140,375,160,240,915
971,40221,HUBLI,0,0,0,0.5,0,0,0,600,600
972,40222,HUBLI,3.5,0,0,0,2450,0,0,0,2450
973,40223,HUBLI,0,4.5,0,0.2,0,3375,0,240,3615
974,40224,HUBLI,0,0,0.5,0,0,0,400,0,400
975,40225,HUBLI,0,1,1,1,0,750,800,1200,2750
976,40226,HUBLI,1,1,1,1,700,750,800,1200,3450
977,40227,HUBLI,0,0.5,0,0,0,375,0,0,375
978,40228,HUBLI,0,0.2,1,1.5,0,150,800,1800,2750
979,40229,HUBLI,0,0.5,0.2,0,0,375,160,0,535
980,40230,HUBLI,1,1.5,0,0,700,1125,0,0,1825
981,40231,HUBLI,0,5,0,0,0,3750,0,0,3750
982,40232,HUBLI,6,0,0,0,4200,0,0,0,4200
983,40233,HUBLI,0,0,6,0,0,0,4800,0,4800
984,40234,HUBLI,0,7,0,0,0,5250,0,0,5250
985,40235,HUBLI,1.5,0,0,0,1050,0,0,0,1050
986,40236,HUBLI,0,2.5,0,0,0,1875,0,0,1875
987,40237,HUBLI,0,0,3.5,0,0,0,2800,0,2800
988,40238,HUBLI,0,0.2,0,0.5,0,150,0,600,750
989,40239,HUBLI,0,0.5,1,2.5,0,375,800,3000,4175
990,40240,HUBLI,0,0,0.5,0,0,0,400,0,400
991,40241,HUBLI,0,0.2,0.5,0,0,150,400,0,550
992,40242,HUBLI,0,0.5,0,0,0,375,0,0,375
993,40243,HUBLI,1,0,2,0,700,0,1600,0,2300
994,40244,HUBLI,0,0,2,0,0,0,1600,0,1600
995,40245,HUBLI,0,0.2,0,0,0,150,0,0,150
996,40246,HUBLI,0,0.5,0,0,0,375,0,0,375
997,40247,HUBLI,1,1.5,0,0,700,1125,0,0,1825
998,40248,HUBLI,1.5,1.5,0.2,0,1050,1125,160,0,2335
999,40249,HUBLI,0,0.2,0,0.5,0,150,0,600,750
1000,40250,HUBLI,0,0.2,0.5,0,0,150,400,0,550
